model,term,estimate,std.error,statistic,p.value
main_all_designs,overall,-0.07284822835913797,0.29938231179883407,-0.24332843153434983,0.8304324786946794
controlled_only,overall,-0.2311902864214943,0.5587110194551819,-0.4137922438811675,0.7502289739171156
