dropped_study,study_label,k_effects_remaining,n_studies_remaining,estimate,se,ci_lb,ci_ub,p_value,tau2_study,direction,significant
4,Slezakova et al. 2025,2,2,0.19326872790968128,0.17179960479461998,-1.9896522242046615,2.376189680024024,0.46260441295394517,6.294821148986013e-12,positive_worse_for_cwe,FALSE
1,Blades et al. 2024,2,2,-0.3202001469165805,0.46622332407630795,-6.244129155410079,5.603728861576917,0.6168765565841868,0.3164524776053274,negative_better_for_cwe,FALSE
9,Knill-Jones et al. 2024,2,2,-0.2311902864214943,0.5587110194551819,-7.330286887975923,6.8679063151329345,0.7502289739171156,0.5137071234050263,negative_better_for_cwe,FALSE
