tau2_study_fixed,estimate,se,ci_lb,ci_ub,p_value,direction,significant
0,0.04815188827604199,0.1594193533613987,-0.6377742276392745,0.7340780041913585,0.791132326639141,positive_worse_for_cwe,FALSE
0.05,-0.010217849448451725,0.2105837947367412,-0.9162867887134919,0.8958510898165885,0.9657102684324681,negative_better_for_cwe,FALSE
0.1,-0.04281584007237937,0.24957351638870273,-1.1166440116354035,1.031012331490645,0.8795744117979281,negative_better_for_cwe,FALSE
0.2,-0.07861864292872268,0.3114892718772468,-1.4188488088590314,1.2616115230015859,0.824305254068358,negative_better_for_cwe,FALSE
0.4,-0.11011495610566532,0.406117865434911,-1.8574990984192106,1.6372691862078799,0.8117042995680326,negative_better_for_cwe,FALSE
