tau2_study_fixed,estimate,se,ci_lb,ci_ub,p_value,direction,significant
0,-0.3188189763376163,0.1264867654797453,-0.7213563158059187,0.08371836313068615,0.08613351389491046,negative_better_for_cwe,FALSE
0.05,-0.3161464150492792,0.16989798554163385,-0.8568376314113969,0.2245448013128385,0.15970294117339615,negative_better_for_cwe,FALSE
0.1,-0.3124930826207186,0.20379081201643673,-0.9610463993731946,0.33606023413175734,0.22271766838484316,negative_better_for_cwe,FALSE
0.2,-0.307940856311776,0.25823746160362776,-1.129767711878085,0.5138859992545328,0.3187989488691004,negative_better_for_cwe,FALSE
0.4,-0.303848782240955,0.34176790389289935,-1.3915067852494702,0.7838092207675602,0.4394674808378795,negative_better_for_cwe,FALSE
