dropped_study,study_label,k_effects_remaining,n_studies_remaining,result_type,estimate,se,ci_lb,ci_ub,p_value,tau2_study,direction,significant
1,Blades et al. 2024,2,2,meta_analytic,-0.06841341974734794,0.294343014678302,-3.808396026912729,3.671569187418033,0.8546134064339161,0.09739580685961334,negative_better_for_cwe,FALSE
3,Ketelhut et al. 2023,2,2,meta_analytic,-0.05202750692274378,0.2727529107122389,-3.5176818328200294,3.4136268189745422,0.8800065164210868,0.09401212144259134,negative_better_for_cwe,FALSE
13,Epel et al. 2025,2,2,meta_analytic,0.23124128909893832,0.18413369087450743,-2.1083990859800568,2.5708816641779335,0.42810824027733096,5.0039841856102496e-12,positive_worse_for_cwe,FALSE
