model,term,estimate,std.error,statistic,p.value
main_all_designs,overall,-0.3029300797737828,0.37109590778845913,-0.8163120999611404,0.47411217815429396
controlled_only,overall,0.03159612943357986,0.1962490179152233,0.16100019133460797,0.8868863198315614
