model,term,estimate,std.error,statistic,p.value
main_all_designs,overall,0.06069354904287385,0.16602337443178744,0.3655723132396064,0.7768776341175954
controlled_only,overall,0.1690310366682648,0.1287942453169821,NA,NA
