tau2_study_fixed,estimate,se,ci_lb,ci_ub,p_value,direction,significant
0,0.0991990674124956,0.11573576245979249,-1.3713632256989101,1.5697613605239014,0.5488840635241299,positive_worse_for_cwe,FALSE
0.05,0.03928142418762969,0.20681241549205268,-2.5885194690372204,2.66708231741248,0.8805054618799563,positive_worse_for_cwe,FALSE
0.1,0.021239198692703347,0.26284833412131253,-3.318565549215149,3.3610439466005553,0.9486700933625101,positive_worse_for_cwe,FALSE
0.2,0.00742126731502486,0.3465523915318474,-4.3959443712996045,4.410786905929655,0.9863691504474117,positive_worse_for_cwe,FALSE
0.4,-0.0015031748077491836,0.4698408610021468,-5.971397348121627,5.968390998506129,0.997963251776575,negative_better_for_cwe,FALSE
