study_id,study_label,instrument,design_type,N_study,yi,vi,se,ci_lb,ci_ub
5,Faid et al 2022,WEMWBS,single_group,29,1.0392223241891143,0.051327521924262105,0.22655578104357016,0.5951729933437169,1.4832716550345117
9,Knill-Jones et al. 2024,SHS,single_group,13,0.5189455735039955,0.0784973386860479,0.2801737651637781,-0.030195006217009657,1.0680861532250008
9,Knill-Jones et al. 2024,WEMWBS,single_group,13,0.20049734274170142,0.06968559546247455,0.2639802937010158,-0.3169040329122895,0.7178987183956923
