tau2_study_fixed,estimate,se,ci_lb,ci_ub,p_value,direction,significant
0,0.6384723702803629,0.1465334326827871,-1.2234114260816034,2.5003561666423293,0.14362106668415026,positive_better_for_cwe,FALSE
0.05,0.6683622401201155,0.21629767729396895,-2.0799603315361,3.416684811776331,0.19925328661263442,positive_better_for_cwe,FALSE
0.1,0.6775127012911687,0.2681051958616537,-2.729086808159222,4.0841122107415595,0.23988540881155326,positive_better_for_cwe,FALSE
0.2,0.6845686389530062,0.3492194136344011,-3.7526847285325737,5.121822006438586,0.3003057751685589,positive_better_for_cwe,FALSE
0.4,0.6891480639508413,0.47117098611222585,-5.297646951336428,6.6759430792381105,0.3817826883696791,positive_better_for_cwe,FALSE
